Id,First,Male,Female
1,김,민준,서연
2,이,서준,서윤
3,박,도윤,지우
4,최,예준,서현
5,정,시우,하은
6,강,하준,하윤
7,조,주원,민서
8,윤,지호,지유
9,장,지후,윤서
10,임,준우,지민
11,한,준서,채원
12,오,건우,수아
13,서,도현,지아
14,신,현우,지윤
15,권,지훈,은서
16,황,우진,다은
17,안,선우,예은
18,송,서진,수빈
19,전,유준,지안
20,홍,연우,소율
21,유,민재,예린
22,고,현준,예원
23,문,은우,하린
24,양,정우,지원
25,손,시윤,소윤
26,배,승우,서아
27,제갈,승현,시은
28,백,준혁,유나
29,허,지환,유진
30,유,윤우,채은
31,남,승민,윤아
32,심,유찬,가은
33,노,지우,서영
34,정,이준,민지
35,하,민성,예진
36,곽,준영,예나
37,성,시후,수민
38,차,진우,수연
39,주,수호,연우
40,우,지원,시아
41,구,수현,아린
42,신,재윤,예서
43,임,시현,주아
44,전,동현,하율
45,민,태윤,시연
46,유,이안,연서
47,류,민규,다인
48,나,한결,서우
49,진,재원,유주
50,지,민우,다연
51,엄,재민,아인
52,채,은찬,현서
53,원,윤호,아윤
54,천,시원,서은
55,방,민찬,채윤
56,공,지안,하연
57,강,시온,서율
58,현,성민,서진
59,함,준호,유빈
60,변,승준,나윤
61,염,성현,지율
62,양,현서,나은
63,변,재현,수현
64,여,하율,예지
65,추,지한,다현
66,노,우빈,서하
67,도,태민,소은
68,소,지성,나연
69,신,예성,지은
70,석,민호,민주
71,선,태현,사랑
72,설,지율,시현
73,마,서우,예빈
74,길,민혁,윤지
75,주,은호,지현
76,연,성준,소연
77,방,규민,채아
78,위,정민,혜원
79,표,준,지수
80,명,지민,은채
81,기,윤성,주하
82,반,율,승아
83,라,윤재,다윤
84,왕,우주,소민
85,금,하람,서희
86,옥,하진,나현
87,육,민석,채린
88,인,준수,민아
89,맹,은성,하영
90,제,태양,세아
91,모,예찬,세은
92,장,준희,도연
93,남궁,도훈,규리
94,탁,하민,아영
95,국,준성,다온
96,여,진석,가윤
97,진,민우,지연
98,어,상운,예림